Feature,VDJdb_TAA_mean,ITSNdb_immunogenic_mean,Delta,Notes
netmhcpan_rank,0.5,0.5,0.0,Prior (no binding scores)
tap_score,1.17,1.17,0.0,Prior (no binding scores)
netchop_score,0.68,0.68,0.0,Prior (no binding scores)
log1p_tpm,3.9318,3.9318,0.0,Prior (no binding scores)
dai_netmhc,0.0,0.0,0.0,Prior (no binding scores)
boman_index,-0.3649,-0.237,-0.1279,TAAs lower Boman (less cationic)
aliphatic_idx/100,1.2521,1.1405,0.1115,TAAs more aliphatic
gravy,0.6591,0.4206,0.2386,TAAs more hydrophobic (GRAVY)
net_charge/5,-0.0275,-0.0287,0.0011,Similar charge
length_norm,0.1147,0.1085,0.0062,Similar length
mean_ciimm,0.0416,0.0168,0.0247,TAAs slightly higher CIImm
